position,sequence,NS,S
ORF1ab,AAA,2.6666666666666665,0.3333333333333335
ORF1ab,AAC,2.6666666666666665,0.3333333333333335
ORF1ab,AAG,2.6666666666666665,0.3333333333333335
ORF1ab,AAT,2.6666666666666665,0.3333333333333335
ORF1ab,ACA,2.0,1.0
ORF1ab,ACC,2.0,1.0
ORF1ab,ACG,2.0,1.0
ORF1ab,ACT,2.0,1.0
ORF1ab,AGA,2.3333333333333335,0.6666666666666665
ORF1ab,AGC,2.6666666666666665,0.3333333333333335
ORF1ab,AGG,2.3333333333333335,0.6666666666666665
ORF1ab,AGT,2.6666666666666665,0.3333333333333335
ORF1ab,ATA,2.3333333333333335,0.6666666666666665
ORF1ab,ATC,2.3333333333333335,0.6666666666666665
ORF1ab,ATG,3.0,0.0
ORF1ab,ATT,2.3333333333333335,0.6666666666666665
ORF1ab,CAA,2.6666666666666665,0.3333333333333335
ORF1ab,CAC,2.6666666666666665,0.3333333333333335
ORF1ab,CAG,2.6666666666666665,0.3333333333333335
ORF1ab,CAT,2.6666666666666665,0.3333333333333335
ORF1ab,CCA,2.0,1.0
ORF1ab,CCC,2.0,1.0
ORF1ab,CCG,2.0,1.0
ORF1ab,CCT,2.0,1.0
ORF1ab,CGA,1.6666666666666667,1.3333333333333333
ORF1ab,CGC,2.0,1.0
ORF1ab,CGG,1.6666666666666667,1.3333333333333333
ORF1ab,CGT,2.0,1.0
ORF1ab,CTA,1.6666666666666667,1.3333333333333333
ORF1ab,CTC,2.0,1.0
ORF1ab,CTG,1.6666666666666667,1.3333333333333333
ORF1ab,CTT,2.0,1.0
ORF1ab,GAA,2.6666666666666665,0.3333333333333335
ORF1ab,GAC,2.6666666666666665,0.3333333333333335
ORF1ab,GAG,2.6666666666666665,0.3333333333333335
ORF1ab,GAT,2.6666666666666665,0.3333333333333335
ORF1ab,GCA,2.0,1.0
ORF1ab,GCC,2.0,1.0
ORF1ab,GCG,2.0,1.0
ORF1ab,GCT,2.0,1.0
ORF1ab,GGA,2.0,1.0
ORF1ab,GGC,2.0,1.0
ORF1ab,GGG,2.0,1.0
ORF1ab,GGT,2.0,1.0
ORF1ab,GTA,2.0,1.0
ORF1ab,GTC,2.0,1.0
ORF1ab,GTG,2.0,1.0
ORF1ab,GTT,2.0,1.0
ORF1ab,TAA,2.3333333333333335,0.6666666666666665
ORF1ab,TAC,2.6666666666666665,0.3333333333333335
ORF1ab,TAG,2.6666666666666665,0.3333333333333335
ORF1ab,TAT,2.6666666666666665,0.3333333333333335
ORF1ab,TCA,2.0,1.0
ORF1ab,TCC,2.0,1.0
ORF1ab,TCG,2.0,1.0
ORF1ab,TCT,2.0,1.0
ORF1ab,TGA,2.6666666666666665,0.3333333333333335
ORF1ab,TGC,2.6666666666666665,0.3333333333333335
ORF1ab,TGG,3.0,0.0
ORF1ab,TGT,2.6666666666666665,0.3333333333333335
ORF1ab,TTA,2.3333333333333335,0.6666666666666665
ORF1ab,TTC,2.6666666666666665,0.3333333333333335
ORF1ab,TTG,2.3333333333333335,0.6666666666666665
ORF1ab,TTT,2.6666666666666665,0.3333333333333335
ORF1ab,AAA,2.6666666666666665,0.3333333333333335
ORF1ab,AAC,2.6666666666666665,0.3333333333333335
ORF1ab,AAG,2.6666666666666665,0.3333333333333335
ORF1ab,AAT,2.6666666666666665,0.3333333333333335
ORF1ab,ACA,2.0,1.0
ORF1ab,ACC,2.0,1.0
ORF1ab,ACG,2.0,1.0
ORF1ab,ACT,2.0,1.0
ORF1ab,AGA,2.3333333333333335,0.6666666666666665
ORF1ab,AGC,2.6666666666666665,0.3333333333333335
ORF1ab,AGG,2.3333333333333335,0.6666666666666665
ORF1ab,AGT,2.6666666666666665,0.3333333333333335
ORF1ab,ATA,2.3333333333333335,0.6666666666666665
ORF1ab,ATC,2.3333333333333335,0.6666666666666665
ORF1ab,ATG,3.0,0.0
ORF1ab,ATT,2.3333333333333335,0.6666666666666665
ORF1ab,CAA,2.6666666666666665,0.3333333333333335
ORF1ab,CAC,2.6666666666666665,0.3333333333333335
ORF1ab,CAG,2.6666666666666665,0.3333333333333335
ORF1ab,CAT,2.6666666666666665,0.3333333333333335
ORF1ab,CCA,2.0,1.0
ORF1ab,CCC,2.0,1.0
ORF1ab,CCG,2.0,1.0
ORF1ab,CCT,2.0,1.0
ORF1ab,CGA,1.6666666666666667,1.3333333333333333
ORF1ab,CGC,2.0,1.0
ORF1ab,CGG,1.6666666666666667,1.3333333333333333
ORF1ab,CGT,2.0,1.0
ORF1ab,CTA,1.6666666666666667,1.3333333333333333
ORF1ab,CTC,2.0,1.0
ORF1ab,CTG,1.6666666666666667,1.3333333333333333
ORF1ab,CTT,2.0,1.0
ORF1ab,GAA,2.6666666666666665,0.3333333333333335
ORF1ab,GAC,2.6666666666666665,0.3333333333333335
ORF1ab,GAG,2.6666666666666665,0.3333333333333335
ORF1ab,GAT,2.6666666666666665,0.3333333333333335
ORF1ab,GCA,2.0,1.0
ORF1ab,GCC,2.0,1.0
ORF1ab,GCG,2.0,1.0
ORF1ab,GCT,2.0,1.0
ORF1ab,GGA,2.0,1.0
ORF1ab,GGC,2.0,1.0
ORF1ab,GGG,2.0,1.0
ORF1ab,GGT,2.0,1.0
ORF1ab,GTA,2.0,1.0
ORF1ab,GTC,2.0,1.0
ORF1ab,GTG,2.0,1.0
ORF1ab,GTT,2.0,1.0
ORF1ab,TAA,2.3333333333333335,0.6666666666666665
ORF1ab,TAC,2.6666666666666665,0.3333333333333335
ORF1ab,TAG,2.6666666666666665,0.3333333333333335
ORF1ab,TAT,2.6666666666666665,0.3333333333333335
ORF1ab,TCA,2.0,1.0
ORF1ab,TCC,2.0,1.0
ORF1ab,TCG,2.0,1.0
ORF1ab,TCT,2.0,1.0
ORF1ab,TGA,2.6666666666666665,0.3333333333333335
ORF1ab,TGC,2.6666666666666665,0.3333333333333335
ORF1ab,TGG,3.0,0.0
ORF1ab,TGT,2.6666666666666665,0.3333333333333335
ORF1ab,TTA,2.3333333333333335,0.6666666666666665
ORF1ab,TTC,2.6666666666666665,0.3333333333333335
ORF1ab,TTG,2.3333333333333335,0.6666666666666665
ORF1ab,TTT,2.6666666666666665,0.3333333333333335
S,AAA,2.6666666666666665,0.3333333333333335
S,AAC,2.6666666666666665,0.3333333333333335
S,AAG,2.6666666666666665,0.3333333333333335
S,AAT,2.6666666666666665,0.3333333333333335
S,ACA,2.0,1.0
S,ACC,2.0,1.0
S,ACG,2.0,1.0
S,ACT,2.0,1.0
S,AGA,2.3333333333333335,0.6666666666666665
S,AGC,2.6666666666666665,0.3333333333333335
S,AGG,2.3333333333333335,0.6666666666666665
S,AGT,2.6666666666666665,0.3333333333333335
S,ATA,2.3333333333333335,0.6666666666666665
S,ATC,2.3333333333333335,0.6666666666666665
S,ATG,3.0,0.0
S,ATT,2.3333333333333335,0.6666666666666665
S,CAA,2.6666666666666665,0.3333333333333335
S,CAC,2.6666666666666665,0.3333333333333335
S,CAG,2.6666666666666665,0.3333333333333335
S,CAT,2.6666666666666665,0.3333333333333335
S,CCA,2.0,1.0
S,CCC,2.0,1.0
S,CCG,2.0,1.0
S,CCT,2.0,1.0
S,CGA,1.6666666666666667,1.3333333333333333
S,CGC,2.0,1.0
S,CGG,1.6666666666666667,1.3333333333333333
S,CGT,2.0,1.0
S,CTA,1.6666666666666667,1.3333333333333333
S,CTC,2.0,1.0
S,CTG,1.6666666666666667,1.3333333333333333
S,CTT,2.0,1.0
S,GAA,2.6666666666666665,0.3333333333333335
S,GAC,2.6666666666666665,0.3333333333333335
S,GAG,2.6666666666666665,0.3333333333333335
S,GAT,2.6666666666666665,0.3333333333333335
S,GCA,2.0,1.0
S,GCC,2.0,1.0
S,GCG,2.0,1.0
S,GCT,2.0,1.0
S,GGA,2.0,1.0
S,GGC,2.0,1.0
S,GGG,2.0,1.0
S,GGT,2.0,1.0
S,GTA,2.0,1.0
S,GTC,2.0,1.0
S,GTG,2.0,1.0
S,GTT,2.0,1.0
S,TAA,2.3333333333333335,0.6666666666666665
S,TAC,2.6666666666666665,0.3333333333333335
S,TAG,2.6666666666666665,0.3333333333333335
S,TAT,2.6666666666666665,0.3333333333333335
S,TCA,2.0,1.0
S,TCC,2.0,1.0
S,TCG,2.0,1.0
S,TCT,2.0,1.0
S,TGA,2.6666666666666665,0.3333333333333335
S,TGC,2.6666666666666665,0.3333333333333335
S,TGG,3.0,0.0
S,TGT,2.6666666666666665,0.3333333333333335
S,TTA,2.3333333333333335,0.6666666666666665
S,TTC,2.6666666666666665,0.3333333333333335
S,TTG,2.3333333333333335,0.6666666666666665
S,TTT,2.6666666666666665,0.3333333333333335
N,AAA,2.6666666666666665,0.3333333333333335
N,AAC,2.6666666666666665,0.3333333333333335
N,AAG,2.6666666666666665,0.3333333333333335
N,AAT,2.6666666666666665,0.3333333333333335
N,ACA,2.0,1.0
N,ACC,2.0,1.0
N,ACG,2.0,1.0
N,ACT,2.0,1.0
N,AGA,2.3333333333333335,0.6666666666666665
N,AGC,2.6666666666666665,0.3333333333333335
N,AGG,2.3333333333333335,0.6666666666666665
N,AGT,2.6666666666666665,0.3333333333333335
N,ATA,2.3333333333333335,0.6666666666666665
N,ATC,2.3333333333333335,0.6666666666666665
N,ATG,3.0,0.0
N,ATT,2.3333333333333335,0.6666666666666665
N,CAA,2.6666666666666665,0.3333333333333335
N,CAC,2.6666666666666665,0.3333333333333335
N,CAG,2.6666666666666665,0.3333333333333335
N,CAT,2.6666666666666665,0.3333333333333335
N,CCA,2.0,1.0
N,CCC,2.0,1.0
N,CCG,2.0,1.0
N,CCT,2.0,1.0
N,CGA,1.6666666666666667,1.3333333333333333
N,CGC,2.0,1.0
N,CGG,1.6666666666666667,1.3333333333333333
N,CGT,2.0,1.0
N,CTA,1.6666666666666667,1.3333333333333333
N,CTC,2.0,1.0
N,CTG,1.6666666666666667,1.3333333333333333
N,CTT,2.0,1.0
N,GAA,2.6666666666666665,0.3333333333333335
N,GAC,2.6666666666666665,0.3333333333333335
N,GAG,2.6666666666666665,0.3333333333333335
N,GAT,2.6666666666666665,0.3333333333333335
N,GCA,2.0,1.0
N,GCC,2.0,1.0
N,GCG,2.0,1.0
N,GCT,2.0,1.0
N,GGA,2.0,1.0
N,GGC,2.0,1.0
N,GGG,2.0,1.0
N,GGT,2.0,1.0
N,GTA,2.0,1.0
N,GTC,2.0,1.0
N,GTG,2.0,1.0
N,GTT,2.0,1.0
N,TAA,2.3333333333333335,0.6666666666666665
N,TAC,2.6666666666666665,0.3333333333333335
N,TAG,2.6666666666666665,0.3333333333333335
N,TAT,2.6666666666666665,0.3333333333333335
N,TCA,2.0,1.0
N,TCC,2.0,1.0
N,TCG,2.0,1.0
N,TCT,2.0,1.0
N,TGA,2.6666666666666665,0.3333333333333335
N,TGC,2.6666666666666665,0.3333333333333335
N,TGG,3.0,0.0
N,TGT,2.6666666666666665,0.3333333333333335
N,TTA,2.3333333333333335,0.6666666666666665
N,TTC,2.6666666666666665,0.3333333333333335
N,TTG,2.3333333333333335,0.6666666666666665
N,TTT,2.6666666666666665,0.3333333333333335
ORF3a,AAA,2.6666666666666665,0.3333333333333335
ORF3a,AAC,2.6666666666666665,0.3333333333333335
ORF3a,AAG,2.6666666666666665,0.3333333333333335
ORF3a,AAT,2.6666666666666665,0.3333333333333335
ORF3a,ACA,2.0,1.0
ORF3a,ACC,2.0,1.0
ORF3a,ACG,2.0,1.0
ORF3a,ACT,2.0,1.0
ORF3a,AGA,2.3333333333333335,0.6666666666666665
ORF3a,AGC,2.6666666666666665,0.3333333333333335
ORF3a,AGG,2.3333333333333335,0.6666666666666665
ORF3a,AGT,2.6666666666666665,0.3333333333333335
ORF3a,ATA,2.3333333333333335,0.6666666666666665
ORF3a,ATC,2.3333333333333335,0.6666666666666665
ORF3a,ATG,3.0,0.0
ORF3a,ATT,2.3333333333333335,0.6666666666666665
ORF3a,CAA,2.6666666666666665,0.3333333333333335
ORF3a,CAC,2.6666666666666665,0.3333333333333335
ORF3a,CAG,2.6666666666666665,0.3333333333333335
ORF3a,CAT,2.6666666666666665,0.3333333333333335
ORF3a,CCA,2.0,1.0
ORF3a,CCC,2.0,1.0
ORF3a,CCG,2.0,1.0
ORF3a,CCT,2.0,1.0
ORF3a,CGA,1.6666666666666667,1.3333333333333333
ORF3a,CGC,2.0,1.0
ORF3a,CGG,1.6666666666666667,1.3333333333333333
ORF3a,CGT,2.0,1.0
ORF3a,CTA,1.6666666666666667,1.3333333333333333
ORF3a,CTC,2.0,1.0
ORF3a,CTG,1.6666666666666667,1.3333333333333333
ORF3a,CTT,2.0,1.0
ORF3a,GAA,2.6666666666666665,0.3333333333333335
ORF3a,GAC,2.6666666666666665,0.3333333333333335
ORF3a,GAG,2.6666666666666665,0.3333333333333335
ORF3a,GAT,2.6666666666666665,0.3333333333333335
ORF3a,GCA,2.0,1.0
ORF3a,GCC,2.0,1.0
ORF3a,GCG,2.0,1.0
ORF3a,GCT,2.0,1.0
ORF3a,GGA,2.0,1.0
ORF3a,GGC,2.0,1.0
ORF3a,GGG,2.0,1.0
ORF3a,GGT,2.0,1.0
ORF3a,GTA,2.0,1.0
ORF3a,GTC,2.0,1.0
ORF3a,GTG,2.0,1.0
ORF3a,GTT,2.0,1.0
ORF3a,TAA,2.3333333333333335,0.6666666666666665
ORF3a,TAC,2.6666666666666665,0.3333333333333335
ORF3a,TAG,2.6666666666666665,0.3333333333333335
ORF3a,TAT,2.6666666666666665,0.3333333333333335
ORF3a,TCA,2.0,1.0
ORF3a,TCC,2.0,1.0
ORF3a,TCG,2.0,1.0
ORF3a,TCT,2.0,1.0
ORF3a,TGA,2.6666666666666665,0.3333333333333335
ORF3a,TGC,2.6666666666666665,0.3333333333333335
ORF3a,TGG,3.0,0.0
ORF3a,TGT,2.6666666666666665,0.3333333333333335
ORF3a,TTA,2.3333333333333335,0.6666666666666665
ORF3a,TTC,2.6666666666666665,0.3333333333333335
ORF3a,TTG,2.3333333333333335,0.6666666666666665
ORF3a,TTT,2.6666666666666665,0.3333333333333335
M,AAA,2.6666666666666665,0.3333333333333335
M,AAC,2.6666666666666665,0.3333333333333335
M,AAG,2.6666666666666665,0.3333333333333335
M,AAT,2.6666666666666665,0.3333333333333335
M,ACA,2.0,1.0
M,ACC,2.0,1.0
M,ACG,2.0,1.0
M,ACT,2.0,1.0
M,AGA,2.3333333333333335,0.6666666666666665
M,AGC,2.6666666666666665,0.3333333333333335
M,AGG,2.3333333333333335,0.6666666666666665
M,AGT,2.6666666666666665,0.3333333333333335
M,ATA,2.3333333333333335,0.6666666666666665
M,ATC,2.3333333333333335,0.6666666666666665
M,ATG,3.0,0.0
M,ATT,2.3333333333333335,0.6666666666666665
M,CAA,2.6666666666666665,0.3333333333333335
M,CAC,2.6666666666666665,0.3333333333333335
M,CAG,2.6666666666666665,0.3333333333333335
M,CAT,2.6666666666666665,0.3333333333333335
M,CCA,2.0,1.0
M,CCC,2.0,1.0
M,CCG,2.0,1.0
M,CCT,2.0,1.0
M,CGA,1.6666666666666667,1.3333333333333333
M,CGC,2.0,1.0
M,CGG,1.6666666666666667,1.3333333333333333
M,CGT,2.0,1.0
M,CTA,1.6666666666666667,1.3333333333333333
M,CTC,2.0,1.0
M,CTG,1.6666666666666667,1.3333333333333333
M,CTT,2.0,1.0
M,GAA,2.6666666666666665,0.3333333333333335
M,GAC,2.6666666666666665,0.3333333333333335
M,GAG,2.6666666666666665,0.3333333333333335
M,GAT,2.6666666666666665,0.3333333333333335
M,GCA,2.0,1.0
M,GCC,2.0,1.0
M,GCG,2.0,1.0
M,GCT,2.0,1.0
M,GGA,2.0,1.0
M,GGC,2.0,1.0
M,GGG,2.0,1.0
M,GGT,2.0,1.0
M,GTA,2.0,1.0
M,GTC,2.0,1.0
M,GTG,2.0,1.0
M,GTT,2.0,1.0
M,TAA,2.3333333333333335,0.6666666666666665
M,TAC,2.6666666666666665,0.3333333333333335
M,TAG,2.6666666666666665,0.3333333333333335
M,TAT,2.6666666666666665,0.3333333333333335
M,TCA,2.0,1.0
M,TCC,2.0,1.0
M,TCG,2.0,1.0
M,TCT,2.0,1.0
M,TGA,2.6666666666666665,0.3333333333333335
M,TGC,2.6666666666666665,0.3333333333333335
M,TGG,3.0,0.0
M,TGT,2.6666666666666665,0.3333333333333335
M,TTA,2.3333333333333335,0.6666666666666665
M,TTC,2.6666666666666665,0.3333333333333335
M,TTG,2.3333333333333335,0.6666666666666665
M,TTT,2.6666666666666665,0.3333333333333335
ORF8,AAA,2.6666666666666665,0.3333333333333335
ORF8,AAC,2.6666666666666665,0.3333333333333335
ORF8,AAG,2.6666666666666665,0.3333333333333335
ORF8,AAT,2.6666666666666665,0.3333333333333335
ORF8,ACA,2.0,1.0
ORF8,ACC,2.0,1.0
ORF8,ACG,2.0,1.0
ORF8,ACT,2.0,1.0
ORF8,AGA,2.3333333333333335,0.6666666666666665
ORF8,AGC,2.6666666666666665,0.3333333333333335
ORF8,AGG,2.3333333333333335,0.6666666666666665
ORF8,AGT,2.6666666666666665,0.3333333333333335
ORF8,ATA,2.3333333333333335,0.6666666666666665
ORF8,ATC,2.3333333333333335,0.6666666666666665
ORF8,ATG,3.0,0.0
ORF8,ATT,2.3333333333333335,0.6666666666666665
ORF8,CAA,2.6666666666666665,0.3333333333333335
ORF8,CAC,2.6666666666666665,0.3333333333333335
ORF8,CAG,2.6666666666666665,0.3333333333333335
ORF8,CAT,2.6666666666666665,0.3333333333333335
ORF8,CCA,2.0,1.0
ORF8,CCC,2.0,1.0
ORF8,CCG,2.0,1.0
ORF8,CCT,2.0,1.0
ORF8,CGA,1.6666666666666667,1.3333333333333333
ORF8,CGC,2.0,1.0
ORF8,CGG,1.6666666666666667,1.3333333333333333
ORF8,CGT,2.0,1.0
ORF8,CTA,1.6666666666666667,1.3333333333333333
ORF8,CTC,2.0,1.0
ORF8,CTG,1.6666666666666667,1.3333333333333333
ORF8,CTT,2.0,1.0
ORF8,GAA,2.6666666666666665,0.3333333333333335
ORF8,GAC,2.6666666666666665,0.3333333333333335
ORF8,GAG,2.6666666666666665,0.3333333333333335
ORF8,GAT,2.6666666666666665,0.3333333333333335
ORF8,GCA,2.0,1.0
ORF8,GCC,2.0,1.0
ORF8,GCG,2.0,1.0
ORF8,GCT,2.0,1.0
ORF8,GGA,2.0,1.0
ORF8,GGC,2.0,1.0
ORF8,GGG,2.0,1.0
ORF8,GGT,2.0,1.0
ORF8,GTA,2.0,1.0
ORF8,GTC,2.0,1.0
ORF8,GTG,2.0,1.0
ORF8,GTT,2.0,1.0
ORF8,TAA,2.3333333333333335,0.6666666666666665
ORF8,TAC,2.6666666666666665,0.3333333333333335
ORF8,TAG,2.6666666666666665,0.3333333333333335
ORF8,TAT,2.6666666666666665,0.3333333333333335
ORF8,TCA,2.0,1.0
ORF8,TCC,2.0,1.0
ORF8,TCG,2.0,1.0
ORF8,TCT,2.0,1.0
ORF8,TGA,2.6666666666666665,0.3333333333333335
ORF8,TGC,2.6666666666666665,0.3333333333333335
ORF8,TGG,3.0,0.0
ORF8,TGT,2.6666666666666665,0.3333333333333335
ORF8,TTA,2.3333333333333335,0.6666666666666665
ORF8,TTC,2.6666666666666665,0.3333333333333335
ORF8,TTG,2.3333333333333335,0.6666666666666665
ORF8,TTT,2.6666666666666665,0.3333333333333335
ORF7a,AAA,2.6666666666666665,0.3333333333333335
ORF7a,AAC,2.6666666666666665,0.3333333333333335
ORF7a,AAG,2.6666666666666665,0.3333333333333335
ORF7a,AAT,2.6666666666666665,0.3333333333333335
ORF7a,ACA,2.0,1.0
ORF7a,ACC,2.0,1.0
ORF7a,ACG,2.0,1.0
ORF7a,ACT,2.0,1.0
ORF7a,AGA,2.3333333333333335,0.6666666666666665
ORF7a,AGC,2.6666666666666665,0.3333333333333335
ORF7a,AGG,2.3333333333333335,0.6666666666666665
ORF7a,AGT,2.6666666666666665,0.3333333333333335
ORF7a,ATA,2.3333333333333335,0.6666666666666665
ORF7a,ATC,2.3333333333333335,0.6666666666666665
ORF7a,ATG,3.0,0.0
ORF7a,ATT,2.3333333333333335,0.6666666666666665
ORF7a,CAA,2.6666666666666665,0.3333333333333335
ORF7a,CAC,2.6666666666666665,0.3333333333333335
ORF7a,CAG,2.6666666666666665,0.3333333333333335
ORF7a,CAT,2.6666666666666665,0.3333333333333335
ORF7a,CCA,2.0,1.0
ORF7a,CCC,2.0,1.0
ORF7a,CCG,2.0,1.0
ORF7a,CCT,2.0,1.0
ORF7a,CGA,1.6666666666666667,1.3333333333333333
ORF7a,CGC,2.0,1.0
ORF7a,CGG,1.6666666666666667,1.3333333333333333
ORF7a,CGT,2.0,1.0
ORF7a,CTA,1.6666666666666667,1.3333333333333333
ORF7a,CTC,2.0,1.0
ORF7a,CTG,1.6666666666666667,1.3333333333333333
ORF7a,CTT,2.0,1.0
ORF7a,GAA,2.6666666666666665,0.3333333333333335
ORF7a,GAC,2.6666666666666665,0.3333333333333335
ORF7a,GAG,2.6666666666666665,0.3333333333333335
ORF7a,GAT,2.6666666666666665,0.3333333333333335
ORF7a,GCA,2.0,1.0
ORF7a,GCC,2.0,1.0
ORF7a,GCG,2.0,1.0
ORF7a,GCT,2.0,1.0
ORF7a,GGA,2.0,1.0
ORF7a,GGC,2.0,1.0
ORF7a,GGG,2.0,1.0
ORF7a,GGT,2.0,1.0
ORF7a,GTA,2.0,1.0
ORF7a,GTC,2.0,1.0
ORF7a,GTG,2.0,1.0
ORF7a,GTT,2.0,1.0
ORF7a,TAA,2.3333333333333335,0.6666666666666665
ORF7a,TAC,2.6666666666666665,0.3333333333333335
ORF7a,TAG,2.6666666666666665,0.3333333333333335
ORF7a,TAT,2.6666666666666665,0.3333333333333335
ORF7a,TCA,2.0,1.0
ORF7a,TCC,2.0,1.0
ORF7a,TCG,2.0,1.0
ORF7a,TCT,2.0,1.0
ORF7a,TGA,2.6666666666666665,0.3333333333333335
ORF7a,TGC,2.6666666666666665,0.3333333333333335
ORF7a,TGG,3.0,0.0
ORF7a,TGT,2.6666666666666665,0.3333333333333335
ORF7a,TTA,2.3333333333333335,0.6666666666666665
ORF7a,TTC,2.6666666666666665,0.3333333333333335
ORF7a,TTG,2.3333333333333335,0.6666666666666665
ORF7a,TTT,2.6666666666666665,0.3333333333333335
E,AAA,2.6666666666666665,0.3333333333333335
E,AAC,2.6666666666666665,0.3333333333333335
E,AAG,2.6666666666666665,0.3333333333333335
E,AAT,2.6666666666666665,0.3333333333333335
E,ACA,2.0,1.0
E,ACC,2.0,1.0
E,ACG,2.0,1.0
E,ACT,2.0,1.0
E,AGA,2.3333333333333335,0.6666666666666665
E,AGC,2.6666666666666665,0.3333333333333335
E,AGG,2.3333333333333335,0.6666666666666665
E,AGT,2.6666666666666665,0.3333333333333335
E,ATA,2.3333333333333335,0.6666666666666665
E,ATC,2.3333333333333335,0.6666666666666665
E,ATG,3.0,0.0
E,ATT,2.3333333333333335,0.6666666666666665
E,CAA,2.6666666666666665,0.3333333333333335
E,CAC,2.6666666666666665,0.3333333333333335
E,CAG,2.6666666666666665,0.3333333333333335
E,CAT,2.6666666666666665,0.3333333333333335
E,CCA,2.0,1.0
E,CCC,2.0,1.0
E,CCG,2.0,1.0
E,CCT,2.0,1.0
E,CGA,1.6666666666666667,1.3333333333333333
E,CGC,2.0,1.0
E,CGG,1.6666666666666667,1.3333333333333333
E,CGT,2.0,1.0
E,CTA,1.6666666666666667,1.3333333333333333
E,CTC,2.0,1.0
E,CTG,1.6666666666666667,1.3333333333333333
E,CTT,2.0,1.0
E,GAA,2.6666666666666665,0.3333333333333335
E,GAC,2.6666666666666665,0.3333333333333335
E,GAG,2.6666666666666665,0.3333333333333335
E,GAT,2.6666666666666665,0.3333333333333335
E,GCA,2.0,1.0
E,GCC,2.0,1.0
E,GCG,2.0,1.0
E,GCT,2.0,1.0
E,GGA,2.0,1.0
E,GGC,2.0,1.0
E,GGG,2.0,1.0
E,GGT,2.0,1.0
E,GTA,2.0,1.0
E,GTC,2.0,1.0
E,GTG,2.0,1.0
E,GTT,2.0,1.0
E,TAA,2.3333333333333335,0.6666666666666665
E,TAC,2.6666666666666665,0.3333333333333335
E,TAG,2.6666666666666665,0.3333333333333335
E,TAT,2.6666666666666665,0.3333333333333335
E,TCA,2.0,1.0
E,TCC,2.0,1.0
E,TCG,2.0,1.0
E,TCT,2.0,1.0
E,TGA,2.6666666666666665,0.3333333333333335
E,TGC,2.6666666666666665,0.3333333333333335
E,TGG,3.0,0.0
E,TGT,2.6666666666666665,0.3333333333333335
E,TTA,2.3333333333333335,0.6666666666666665
E,TTC,2.6666666666666665,0.3333333333333335
E,TTG,2.3333333333333335,0.6666666666666665
E,TTT,2.6666666666666665,0.3333333333333335
ORF6,AAA,2.6666666666666665,0.3333333333333335
ORF6,AAC,2.6666666666666665,0.3333333333333335
ORF6,AAG,2.6666666666666665,0.3333333333333335
ORF6,AAT,2.6666666666666665,0.3333333333333335
ORF6,ACA,2.0,1.0
ORF6,ACC,2.0,1.0
ORF6,ACG,2.0,1.0
ORF6,ACT,2.0,1.0
ORF6,AGA,2.3333333333333335,0.6666666666666665
ORF6,AGC,2.6666666666666665,0.3333333333333335
ORF6,AGG,2.3333333333333335,0.6666666666666665
ORF6,AGT,2.6666666666666665,0.3333333333333335
ORF6,ATA,2.3333333333333335,0.6666666666666665
ORF6,ATC,2.3333333333333335,0.6666666666666665
ORF6,ATG,3.0,0.0
ORF6,ATT,2.3333333333333335,0.6666666666666665
ORF6,CAA,2.6666666666666665,0.3333333333333335
ORF6,CAC,2.6666666666666665,0.3333333333333335
ORF6,CAG,2.6666666666666665,0.3333333333333335
ORF6,CAT,2.6666666666666665,0.3333333333333335
ORF6,CCA,2.0,1.0
ORF6,CCC,2.0,1.0
ORF6,CCG,2.0,1.0
ORF6,CCT,2.0,1.0
ORF6,CGA,1.6666666666666667,1.3333333333333333
ORF6,CGC,2.0,1.0
ORF6,CGG,1.6666666666666667,1.3333333333333333
ORF6,CGT,2.0,1.0
ORF6,CTA,1.6666666666666667,1.3333333333333333
ORF6,CTC,2.0,1.0
ORF6,CTG,1.6666666666666667,1.3333333333333333
ORF6,CTT,2.0,1.0
ORF6,GAA,2.6666666666666665,0.3333333333333335
ORF6,GAC,2.6666666666666665,0.3333333333333335
ORF6,GAG,2.6666666666666665,0.3333333333333335
ORF6,GAT,2.6666666666666665,0.3333333333333335
ORF6,GCA,2.0,1.0
ORF6,GCC,2.0,1.0
ORF6,GCG,2.0,1.0
ORF6,GCT,2.0,1.0
ORF6,GGA,2.0,1.0
ORF6,GGC,2.0,1.0
ORF6,GGG,2.0,1.0
ORF6,GGT,2.0,1.0
ORF6,GTA,2.0,1.0
ORF6,GTC,2.0,1.0
ORF6,GTG,2.0,1.0
ORF6,GTT,2.0,1.0
ORF6,TAA,2.3333333333333335,0.6666666666666665
ORF6,TAC,2.6666666666666665,0.3333333333333335
ORF6,TAG,2.6666666666666665,0.3333333333333335
ORF6,TAT,2.6666666666666665,0.3333333333333335
ORF6,TCA,2.0,1.0
ORF6,TCC,2.0,1.0
ORF6,TCG,2.0,1.0
ORF6,TCT,2.0,1.0
ORF6,TGA,2.6666666666666665,0.3333333333333335
ORF6,TGC,2.6666666666666665,0.3333333333333335
ORF6,TGG,3.0,0.0
ORF6,TGT,2.6666666666666665,0.3333333333333335
ORF6,TTA,2.3333333333333335,0.6666666666666665
ORF6,TTC,2.6666666666666665,0.3333333333333335
ORF6,TTG,2.3333333333333335,0.6666666666666665
ORF6,TTT,2.6666666666666665,0.3333333333333335
ORF7b,AAA,2.6666666666666665,0.3333333333333335
ORF7b,AAC,2.6666666666666665,0.3333333333333335
ORF7b,AAG,2.6666666666666665,0.3333333333333335
ORF7b,AAT,2.6666666666666665,0.3333333333333335
ORF7b,ACA,2.0,1.0
ORF7b,ACC,2.0,1.0
ORF7b,ACG,2.0,1.0
ORF7b,ACT,2.0,1.0
ORF7b,AGA,2.3333333333333335,0.6666666666666665
ORF7b,AGC,2.6666666666666665,0.3333333333333335
ORF7b,AGG,2.3333333333333335,0.6666666666666665
ORF7b,AGT,2.6666666666666665,0.3333333333333335
ORF7b,ATA,2.3333333333333335,0.6666666666666665
ORF7b,ATC,2.3333333333333335,0.6666666666666665
ORF7b,ATG,3.0,0.0
ORF7b,ATT,2.3333333333333335,0.6666666666666665
ORF7b,CAA,2.6666666666666665,0.3333333333333335
ORF7b,CAC,2.6666666666666665,0.3333333333333335
ORF7b,CAG,2.6666666666666665,0.3333333333333335
ORF7b,CAT,2.6666666666666665,0.3333333333333335
ORF7b,CCA,2.0,1.0
ORF7b,CCC,2.0,1.0
ORF7b,CCG,2.0,1.0
ORF7b,CCT,2.0,1.0
ORF7b,CGA,1.6666666666666667,1.3333333333333333
ORF7b,CGC,2.0,1.0
ORF7b,CGG,1.6666666666666667,1.3333333333333333
ORF7b,CGT,2.0,1.0
ORF7b,CTA,1.6666666666666667,1.3333333333333333
ORF7b,CTC,2.0,1.0
ORF7b,CTG,1.6666666666666667,1.3333333333333333
ORF7b,CTT,2.0,1.0
ORF7b,GAA,2.6666666666666665,0.3333333333333335
ORF7b,GAC,2.6666666666666665,0.3333333333333335
ORF7b,GAG,2.6666666666666665,0.3333333333333335
ORF7b,GAT,2.6666666666666665,0.3333333333333335
ORF7b,GCA,2.0,1.0
ORF7b,GCC,2.0,1.0
ORF7b,GCG,2.0,1.0
ORF7b,GCT,2.0,1.0
ORF7b,GGA,2.0,1.0
ORF7b,GGC,2.0,1.0
ORF7b,GGG,2.0,1.0
ORF7b,GGT,2.0,1.0
ORF7b,GTA,2.0,1.0
ORF7b,GTC,2.0,1.0
ORF7b,GTG,2.0,1.0
ORF7b,GTT,2.0,1.0
ORF7b,TAA,2.3333333333333335,0.6666666666666665
ORF7b,TAC,2.6666666666666665,0.3333333333333335
ORF7b,TAG,2.6666666666666665,0.3333333333333335
ORF7b,TAT,2.6666666666666665,0.3333333333333335
ORF7b,TCA,2.0,1.0
ORF7b,TCC,2.0,1.0
ORF7b,TCG,2.0,1.0
ORF7b,TCT,2.0,1.0
ORF7b,TGA,2.6666666666666665,0.3333333333333335
ORF7b,TGC,2.6666666666666665,0.3333333333333335
ORF7b,TGG,3.0,0.0
ORF7b,TGT,2.6666666666666665,0.3333333333333335
ORF7b,TTA,2.3333333333333335,0.6666666666666665
ORF7b,TTC,2.6666666666666665,0.3333333333333335
ORF7b,TTG,2.3333333333333335,0.6666666666666665
ORF7b,TTT,2.6666666666666665,0.3333333333333335
ORF10,AAA,2.6666666666666665,0.3333333333333335
ORF10,AAC,2.6666666666666665,0.3333333333333335
ORF10,AAG,2.6666666666666665,0.3333333333333335
ORF10,AAT,2.6666666666666665,0.3333333333333335
ORF10,ACA,2.0,1.0
ORF10,ACC,2.0,1.0
ORF10,ACG,2.0,1.0
ORF10,ACT,2.0,1.0
ORF10,AGA,2.3333333333333335,0.6666666666666665
ORF10,AGC,2.6666666666666665,0.3333333333333335
ORF10,AGG,2.3333333333333335,0.6666666666666665
ORF10,AGT,2.6666666666666665,0.3333333333333335
ORF10,ATA,2.3333333333333335,0.6666666666666665
ORF10,ATC,2.3333333333333335,0.6666666666666665
ORF10,ATG,3.0,0.0
ORF10,ATT,2.3333333333333335,0.6666666666666665
ORF10,CAA,2.6666666666666665,0.3333333333333335
ORF10,CAC,2.6666666666666665,0.3333333333333335
ORF10,CAG,2.6666666666666665,0.3333333333333335
ORF10,CAT,2.6666666666666665,0.3333333333333335
ORF10,CCA,2.0,1.0
ORF10,CCC,2.0,1.0
ORF10,CCG,2.0,1.0
ORF10,CCT,2.0,1.0
ORF10,CGA,1.6666666666666667,1.3333333333333333
ORF10,CGC,2.0,1.0
ORF10,CGG,1.6666666666666667,1.3333333333333333
ORF10,CGT,2.0,1.0
ORF10,CTA,1.6666666666666667,1.3333333333333333
ORF10,CTC,2.0,1.0
ORF10,CTG,1.6666666666666667,1.3333333333333333
ORF10,CTT,2.0,1.0
ORF10,GAA,2.6666666666666665,0.3333333333333335
ORF10,GAC,2.6666666666666665,0.3333333333333335
ORF10,GAG,2.6666666666666665,0.3333333333333335
ORF10,GAT,2.6666666666666665,0.3333333333333335
ORF10,GCA,2.0,1.0
ORF10,GCC,2.0,1.0
ORF10,GCG,2.0,1.0
ORF10,GCT,2.0,1.0
ORF10,GGA,2.0,1.0
ORF10,GGC,2.0,1.0
ORF10,GGG,2.0,1.0
ORF10,GGT,2.0,1.0
ORF10,GTA,2.0,1.0
ORF10,GTC,2.0,1.0
ORF10,GTG,2.0,1.0
ORF10,GTT,2.0,1.0
ORF10,TAA,2.3333333333333335,0.6666666666666665
ORF10,TAC,2.6666666666666665,0.3333333333333335
ORF10,TAG,2.6666666666666665,0.3333333333333335
ORF10,TAT,2.6666666666666665,0.3333333333333335
ORF10,TCA,2.0,1.0
ORF10,TCC,2.0,1.0
ORF10,TCG,2.0,1.0
ORF10,TCT,2.0,1.0
ORF10,TGA,2.6666666666666665,0.3333333333333335
ORF10,TGC,2.6666666666666665,0.3333333333333335
ORF10,TGG,3.0,0.0
ORF10,TGT,2.6666666666666665,0.3333333333333335
ORF10,TTA,2.3333333333333335,0.6666666666666665
ORF10,TTC,2.6666666666666665,0.3333333333333335
ORF10,TTG,2.3333333333333335,0.6666666666666665
ORF10,TTT,2.6666666666666665,0.3333333333333335
