REGION	POS	REF	ALT	REF_DP	REF_RV	REF_QUAL	ALT_DP	ALT_RV	ALT_QUAL	ALT_FREQ	TOTAL_DP	PVAL	PASS	GFF_FEATURE	REF_CODON	REF_AA	ALT_CODON	ALT_AA
MN908947.3	179	T	C	3	1	35	1	1	37	0.25	4	0.571429	FALSE	NA	NA	NA	NA	NA
MN908947.3	187	A	G	2	2	37	1	0	37	0.333333	3	0.6	FALSE	NA	NA	NA	NA	NA
MN908947.3	241	C	T	0	0	0	6	3	37	1	6	0.0021645	TRUE	NA	NA	NA	NA	NA
MN908947.3	261	G	A	17	9	36	1	0	32	0.0555556	18	0.514286	FALSE	NA	NA	NA	NA	NA
MN908947.3	272	A	C	15	8	37	1	0	37	0.0625	16	0.516129	FALSE	CDS:ENSSASP00005000003	AGC	S	CGC	R
MN908947.3	272	A	C	15	8	37	1	0	37	0.0625	16	0.516129	FALSE	CDS:ENSSASP00005000002	AGC	S	CGC	R
MN908947.3	401	C	T	47	22	36	5	2	37	0.0961538	52	0.0296884	FALSE	CDS:ENSSASP00005000003	CTT	L	TTT	F
MN908947.3	401	C	T	47	22	36	5	2	37	0.0961538	52	0.0296884	FALSE	CDS:ENSSASP00005000002	CTT	L	TTT	F
MN908947.3	406	A	G	50	22	36	2	1	37	0.0384615	52	0.252427	FALSE	CDS:ENSSASP00005000003	AAA	K	AAG	K
MN908947.3	406	A	G	50	22	36	2	1	37	0.0384615	52	0.252427	FALSE	CDS:ENSSASP00005000002	AAA	K	AAG	K
MN908947.3	559	T	C	52	20	36	4	2	37	0.0714286	56	0.0613274	FALSE	CDS:ENSSASP00005000003	GGT	G	GGC	G
MN908947.3	559	T	C	52	20	36	4	2	37	0.0714286	56	0.0613274	FALSE	CDS:ENSSASP00005000002	GGT	G	GGC	G
MN908947.3	673	C	G	128	55	36	7	1	37	0.0518519	135	0.00740599	TRUE	CDS:ENSSASP00005000003	TAC	Y	TAG	*
MN908947.3	673	C	G	128	55	36	7	1	37	0.0518519	135	0.00740599	TRUE	CDS:ENSSASP00005000002	TAC	Y	TAG	*
MN908947.3	829	C	T	167	82	36	12	7	37	0.0670391	179	0.00020879	TRUE	CDS:ENSSASP00005000003	AAC	N	AAT	N
MN908947.3	829	C	T	167	82	36	12	7	37	0.0670391	179	0.00020879	TRUE	CDS:ENSSASP00005000002	AAC	N	AAT	N
MN908947.3	847	T	C	169	82	36	6	3	36	0.0342857	175	0.0152202	FALSE	CDS:ENSSASP00005000003	GAT	D	GAC	D
MN908947.3	847	T	C	169	82	36	6	3	36	0.0342857	175	0.0152202	FALSE	CDS:ENSSASP00005000002	GAT	D	GAC	D
MN908947.3	1070	G	A	147	67	36	6	6	36	0.0392157	153	0.0151614	FALSE	CDS:ENSSASP00005000003	GAA	E	AAA	K
MN908947.3	1070	G	A	147	67	36	6	6	36	0.0392157	153	0.0151614	FALSE	CDS:ENSSASP00005000002	GAA	E	AAA	K
MN908947.3	1415	C	T	129	62	36	7	4	37	0.0503597	139	0.00685355	TRUE	CDS:ENSSASP00005000003	CTT	L	TTT	F
MN908947.3	1415	C	T	129	62	36	7	4	37	0.0503597	139	0.00685355	TRUE	CDS:ENSSASP00005000002	CTT	L	TTT	F
MN908947.3	1418	G	A	136	65	36	5	4	37	0.0352113	142	0.0301439	FALSE	CDS:ENSSASP00005000003	GCC	A	ACC	T
MN908947.3	1418	G	A	136	65	36	5	4	37	0.0352113	142	0.0301439	FALSE	CDS:ENSSASP00005000002	GCC	A	ACC	T
MN908947.3	1468	T	A	171	83	36	7	3	35	0.0393258	178	0.00750444	TRUE	CDS:ENSSASP00005000003	GGT	G	GGA	G
MN908947.3	1468	T	A	171	83	36	7	3	35	0.0393258	178	0.00750444	TRUE	CDS:ENSSASP00005000002	GGT	G	GGA	G
MN908947.3	2452	A	T	130	61	36	5	2	37	0.037037	135	0.0306626	FALSE	CDS:ENSSASP00005000003	CTA	L	CTT	L
MN908947.3	2452	A	T	130	61	36	5	2	37	0.037037	135	0.0306626	FALSE	CDS:ENSSASP00005000002	CTA	L	CTT	L
MN908947.3	2458	G	C	130	61	37	6	2	37	0.0441176	136	0.0151029	FALSE	CDS:ENSSASP00005000003	ATG	M	ATC	I
MN908947.3	2458	G	C	130	61	37	6	2	37	0.0441176	136	0.0151029	FALSE	CDS:ENSSASP00005000002	ATG	M	ATC	I
MN908947.3	2952	A	T	116	64	36	4	2	33	0.0333333	120	0.0619671	FALSE	CDS:ENSSASP00005000003	GAT	D	GTT	V
MN908947.3	2952	A	T	116	64	36	4	2	33	0.0333333	120	0.0619671	FALSE	CDS:ENSSASP00005000002	GAT	D	GTT	V
MN908947.3	3037	C	T	0	0	0	177	87	36	1	177	6.43058e-106	TRUE	CDS:ENSSASP00005000003	TTC	F	TTT	F
MN908947.3	3037	C	T	0	0	0	177	87	36	1	177	6.43058e-106	TRUE	CDS:ENSSASP00005000002	TTC	F	TTT	F
MN908947.3	4295	A	T	83	50	36	4	2	37	0.045977	87	0.0617584	FALSE	CDS:ENSSASP00005000003	ACA	T	TCA	S
MN908947.3	4295	A	T	83	50	36	4	2	37	0.045977	87	0.0617584	FALSE	CDS:ENSSASP00005000002	ACA	T	TCA	S
MN908947.3	4376	G	A	143	74	36	10	4	37	0.0653595	153	0.000867372	TRUE	CDS:ENSSASP00005000003	GTT	V	ATT	I
MN908947.3	4376	G	A	143	74	36	10	4	37	0.0653595	153	0.000867372	TRUE	CDS:ENSSASP00005000002	GTT	V	ATT	I
MN908947.3	4450	T	+A	165	78	36	13	0	20	0.0787879	165	0.00123705	TRUE	NA	NA	NA	NA	NA
MN908947.3	4618	C	T	163	84	36	9	6	35	0.0523256	172	0.00180152	TRUE	CDS:ENSSASP00005000003	GGC	G	GGT	G
MN908947.3	4618	C	T	163	84	36	9	6	35	0.0523256	172	0.00180152	TRUE	CDS:ENSSASP00005000002	GGC	G	GGT	G
MN908947.3	4779	T	C	113	62	36	4	2	37	0.034188	117	0.0619531	FALSE	CDS:ENSSASP00005000003	ATC	I	ACC	T
MN908947.3	4779	T	C	113	62	36	4	2	37	0.034188	117	0.0619531	FALSE	CDS:ENSSASP00005000002	ATC	I	ACC	T
MN908947.3	4886	C	T	75	37	36	7	5	36	0.0853659	82	0.00714188	TRUE	CDS:ENSSASP00005000003	CCT	P	TCT	S
MN908947.3	4886	C	T	75	37	36	7	5	36	0.0853659	82	0.00714188	TRUE	CDS:ENSSASP00005000002	CCT	P	TCT	S
MN908947.3	4995	T	C	49	26	36	4	2	37	0.0754717	53	0.0612575	FALSE	CDS:ENSSASP00005000003	ATT	I	ACT	T
MN908947.3	4995	T	C	49	26	36	4	2	37	0.0754717	53	0.0612575	FALSE	CDS:ENSSASP00005000002	ATT	I	ACT	T
MN908947.3	4998	A	T	44	23	36	4	3	37	0.0833333	48	0.0611205	FALSE	CDS:ENSSASP00005000003	AAC	N	ATC	I
MN908947.3	4998	A	T	44	23	36	4	3	37	0.0833333	48	0.0611205	FALSE	CDS:ENSSASP00005000002	AAC	N	ATC	I
MN908947.3	5084	A	-N	66	33	36	2	0	20	0.030303	66	0.259512	FALSE	NA	NA	NA	NA	NA
MN908947.3	5252	G	A	97	41	36	3	2	37	0.03	100	0.12499	FALSE	CDS:ENSSASP00005000003	GGT	G	AGT	S
MN908947.3	5252	G	A	97	41	36	3	2	37	0.03	100	0.12499	FALSE	CDS:ENSSASP00005000002	GGT	G	AGT	S
MN908947.3	5324	G	A	116	45	36	6	2	37	0.0491803	122	0.0150424	FALSE	CDS:ENSSASP00005000003	GAG	E	AAG	K
MN908947.3	5324	G	A	116	45	36	6	2	37	0.0491803	122	0.0150424	FALSE	CDS:ENSSASP00005000002	GAG	E	AAG	K
MN908947.3	7309	A	G	203	103	36	17	8	37	0.0772727	220	5.75574e-06	TRUE	CDS:ENSSASP00005000003	CAA	Q	CAG	Q
MN908947.3	7309	A	G	203	103	36	17	8	37	0.0772727	220	5.75574e-06	TRUE	CDS:ENSSASP00005000002	CAA	Q	CAG	Q
MN908947.3	7471	C	-N	194	91	36	7	0	20	0.0360825	194	0.0383392	FALSE	NA	NA	NA	NA	NA
MN908947.3	7709	A	T	106	50	36	4	3	30	0.0363636	110	0.0619174	FALSE	CDS:ENSSASP00005000003	AAT	N	TAT	Y
MN908947.3	7709	A	T	106	50	36	4	3	30	0.0363636	110	0.0619174	FALSE	CDS:ENSSASP00005000002	AAT	N	TAT	Y
MN908947.3	8488	G	A	150	79	36	8	1	37	0.0506329	158	0.00365995	TRUE	CDS:ENSSASP00005000003	AAG	K	AAA	K
MN908947.3	8488	G	A	150	79	36	8	1	37	0.0506329	158	0.00365995	TRUE	CDS:ENSSASP00005000002	AAG	K	AAA	K
MN908947.3	8785	G	A	153	71	36	6	4	37	0.0377358	159	0.0151791	FALSE	CDS:ENSSASP00005000003	CAG	Q	CAA	Q
MN908947.3	8785	G	A	153	71	36	6	4	37	0.0377358	159	0.0151791	FALSE	CDS:ENSSASP00005000002	CAG	Q	CAA	Q
MN908947.3	8815	T	C	156	69	36	5	4	36	0.0310559	161	0.0307587	FALSE	CDS:ENSSASP00005000003	GCT	A	GCC	A
MN908947.3	8815	T	C	156	69	36	5	4	36	0.0310559	161	0.0307587	FALSE	CDS:ENSSASP00005000002	GCT	A	GCC	A
MN908947.3	9250	T	C	80	44	36	3	1	37	0.0361446	83	0.124986	FALSE	CDS:ENSSASP00005000003	GGT	G	GGC	G
MN908947.3	9250	T	C	80	44	36	3	1	37	0.0361446	83	0.124986	FALSE	CDS:ENSSASP00005000002	GGT	G	GGC	G
MN908947.3	10241	A	G	221	100	36	8	3	37	0.0349345	229	0.0037361	TRUE	CDS:ENSSASP00005000003	AAT	N	GAT	D
MN908947.3	10241	A	G	221	100	36	8	3	37	0.0349345	229	0.0037361	TRUE	CDS:ENSSASP00005000002	AAT	N	GAT	D
MN908947.3	10386	C	-N	231	120	36	18	0	20	0.0779221	231	0.000296769	TRUE	NA	NA	NA	NA	NA
MN908947.3	11074	C	-N	191	100	36	17	0	20	0.0890052	191	0.000110785	TRUE	NA	NA	NA	NA	NA
MN908947.3	12334	A	C	222	117	36	7	3	36	0.0300429	233	0.00701423	TRUE	CDS:ENSSASP00005000003	GCA	A	GCC	A
MN908947.3	12334	A	C	222	117	36	7	3	36	0.0300429	233	0.00701423	TRUE	CDS:ENSSASP00005000002	GCA	A	GCC	A
MN908947.3	13489	G	A	125	72	36	7	6	36	0.0530303	132	0.00739672	TRUE	CDS:ENSSASP00005000002	CAG	Q	CAA	Q
MN908947.3	13574	T	C	89	47	36	3	1	37	0.0326087	92	0.124989	FALSE	CDS:ENSSASP00005000002	TTG	L	CTG	L
MN908947.3	13862	C	T	125	60	36	4	0	34	0.0310078	129	0.062005	FALSE	CDS:ENSSASP00005000002	CAT	H	TAT	Y
MN908947.3	14351	A	G	103	39	36	7	5	35	0.0636364	110	0.00731323	TRUE	CDS:ENSSASP00005000002	ACA	T	GCA	A
MN908947.3	14408	C	T	0	0	0	112	51	36	1	112	1.39309e-66	TRUE	CDS:ENSSASP00005000002	CTA	L	TTA	L
MN908947.3	14446	G	A	129	61	36	5	0	37	0.0373134	134	0.0306582	FALSE	CDS:ENSSASP00005000002	TTG	L	TTA	L
MN908947.3	14632	G	T	123	62	36	6	4	37	0.0465116	129	0.0150743	FALSE	CDS:ENSSASP00005000002	CAG	Q	CAT	H
MN908947.3	15016	G	A	130	68	36	12	7	37	0.084507	142	0.000200065	TRUE	CDS:ENSSASP00005000002	ATG	M	ATA	I
MN908947.3	15160	A	G	129	64	36	4	2	37	0.0300752	133	0.0620202	FALSE	CDS:ENSSASP00005000002	AAA	K	AAG	K
MN908947.3	15243	G	A	175	87	36	7	2	37	0.0384615	182	0.00751123	TRUE	CDS:ENSSASP00005000002	TGT	C	TAT	Y
MN908947.3	15482	C	T	203	99	36	22	14	36	0.0977778	225	1.4618e-07	TRUE	CDS:ENSSASP00005000002	CAT	H	TAT	Y
MN908947.3	16363	T	C	185	96	36	7	7	37	0.0364583	192	0.00752696	TRUE	CDS:ENSSASP00005000002	TCT	S	TCC	S
MN908947.3	16379	A	C	173	85	36	7	7	36	0.0388889	180	0.00750787	TRUE	CDS:ENSSASP00005000002	ATG	M	CTG	L
MN908947.3	16707	G	C	151	71	36	16	8	36	0.0958084	167	1.09938e-05	TRUE	CDS:ENSSASP00005000002	TGC	C	TCC	S
MN908947.3	19038	T	C	202	104	36	8	5	37	0.0380952	210	0.00372076	TRUE	CDS:ENSSASP00005000002	GTA	V	GCA	A
MN908947.3	19102	C	A	166	85	36	15	11	36	0.0828729	181	2.35324e-05	TRUE	CDS:ENSSASP00005000002	AGC	S	AGA	R
MN908947.3	19210	A	+T	115	60	36	6	0	20	0.0517241	116	0.0683043	FALSE	NA	NA	NA	NA	NA
MN908947.3	19215	T	-N	120	58	36	5	0	20	0.0416667	120	0.118334	FALSE	NA	NA	NA	NA	NA
MN908947.3	19216	C	T	108	54	36	4	1	37	0.0357143	112	0.0566381	FALSE	CDS:ENSSASP00005000002	ATC	I	ATT	I
MN908947.3	19248	T	G	98	43	36	4	4	37	0.038835	103	0.0606573	FALSE	CDS:ENSSASP00005000002	CTA	L	CGA	R
MN908947.3	19262	A	T	89	41	36	3	2	37	0.0319149	94	0.120957	FALSE	CDS:ENSSASP00005000002	ACC	T	TCC	S
MN908947.3	19679	G	C	169	84	36	6	3	36	0.0342857	175	0.0152202	FALSE	CDS:ENSSASP00005000002	GTG	V	CTG	L
MN908947.3	20130	A	G	145	67	36	6	1	37	0.0397351	151	0.0151552	FALSE	CDS:ENSSASP00005000002	AAG	K	AGG	R
MN908947.3	20343	T	C	118	57	36	5	1	37	0.0406504	123	0.0306044	FALSE	CDS:ENSSASP00005000002	GTC	V	GCC	A
MN908947.3	20648	C	+A	104	56	36	8	0	20	0.0769231	104	0.0238601	FALSE	NA	NA	NA	NA	NA
MN908947.3	20679	G	T	106	56	36	4	3	37	0.036036	111	0.0607916	FALSE	CDS:ENSSASP00005000002	CGG	R	CTG	L
MN908947.3	21110	C	T	51	21	36	3	3	37	0.0555556	54	0.124967	FALSE	CDS:ENSSASP00005000002	CTT	L	TTT	F
MN908947.3	21125	T	A	49	20	36	2	1	37	0.0392157	51	0.252475	FALSE	CDS:ENSSASP00005000002	TTA	L	ATA	I
MN908947.3	21133	C	+A	53	20	36	2	0	20	0.0377358	53	0.261859	FALSE	NA	NA	NA	NA	NA
MN908947.3	21214	C	T	95	38	36	3	0	37	0.0306122	98	0.12499	FALSE	CDS:ENSSASP00005000002	GAC	D	GAT	D
MN908947.3	21230	C	T	119	50	36	4	2	37	0.0325203	123	0.0619803	FALSE	CDS:ENSSASP00005000002	CAG	Q	TAG	*
MN908947.3	21759	A	G	120	62	36	16	8	37	0.117647	136	1.01519e-05	TRUE	CDS:ENSSASP00005000004	CAT	H	CGT	R
MN908947.3	21764	A	-NNNNNN	140	72	36	31	0	20	0.21831	142	3.42186e-08	TRUE	NA	NA	NA	NA	NA
MN908947.3	21781	C	T	107	57	36	14	7	37	0.115702	121	3.43191e-05	TRUE	CDS:ENSSASP00005000004	ACC	T	ACT	T
MN908947.3	21784	T	G	3	0	37	128	70	36	0.977099	131	1.4687e-73	TRUE	CDS:ENSSASP00005000004	AAT	N	AAG	K
MN908947.3	21846	C	T	48	25	36	56	30	37	0.538462	104	6.17453e-22	TRUE	CDS:ENSSASP00005000004	ACT	T	ATT	I
MN908947.3	22060	C	G	37	21	37	3	3	37	0.075	40	0.124938	FALSE	CDS:ENSSASP00005000004	TGC	C	TGG	W
MN908947.3	22068	A	G	54	35	36	2	0	37	0.0357143	56	0.252252	FALSE	CDS:ENSSASP00005000004	GAA	E	GGA	G
MN908947.3	22070	T	A	56	35	36	2	1	37	0.0344828	58	0.252174	FALSE	CDS:ENSSASP00005000004	TAT	Y	AAT	N
MN908947.3	22076	T	G	58	35	36	2	0	37	0.0333333	60	0.252101	FALSE	CDS:ENSSASP00005000004	TCT	S	GCT	A
MN908947.3	22078	T	C	57	33	36	2	2	34	0.0333333	60	0.247863	FALSE	CDS:ENSSASP00005000004	TCT	S	TCC	S
MN908947.3	22079	C	T	58	35	36	2	0	37	0.0333333	60	0.252101	FALSE	CDS:ENSSASP00005000004	CAG	Q	TAG	*
MN908947.3	22087	T	C	58	36	36	2	2	37	0.0333333	60	0.252101	FALSE	CDS:ENSSASP00005000004	TTT	F	TTC	F
MN908947.3	22155	A	T	60	34	36	3	1	35	0.047619	63	0.124976	FALSE	CDS:ENSSASP00005000004	GAT	D	GTT	V
MN908947.3	22186	G	A	58	31	36	2	2	37	0.0333333	60	0.252101	FALSE	CDS:ENSSASP00005000004	ACG	T	ACA	T
MN908947.3	22334	T	C	82	40	36	7	4	37	0.0786517	89	0.00719487	TRUE	CDS:ENSSASP00005000004	TGG	W	CGG	R
MN908947.3	22349	G	C	76	34	36	6	4	37	0.0731707	82	0.0147536	FALSE	CDS:ENSSASP00005000004	GCA	A	CCA	P
MN908947.3	22423	T	C	55	32	36	2	0	37	0.0350877	57	0.252212	FALSE	CDS:ENSSASP00005000004	GAT	D	GAC	D
MN908947.3	22425	C	-N	57	31	36	2	0	20	0.0350877	57	0.261022	FALSE	NA	NA	NA	NA	NA
MN908947.3	22447	T	C	52	27	36	3	1	37	0.0545455	55	0.124968	FALSE	CDS:ENSSASP00005000004	CCT	P	CCC	P
MN908947.3	22501	T	C	52	27	36	6	3	37	0.103448	58	0.014385	FALSE	CDS:ENSSASP00005000004	TAT	Y	TAC	Y
MN908947.3	22628	A	G	29	15	36	1	0	37	0.0333333	30	0.508475	FALSE	CDS:ENSSASP00005000004	AAG	K	GAG	E
MN908947.3	22637	A	G	22	12	36	1	1	37	0.0434783	23	0.511111	FALSE	CDS:ENSSASP00005000004	AGC	S	GGC	G
MN908947.3	22678	A	T	20	11	36	1	0	37	0.047619	21	0.512195	FALSE	CDS:ENSSASP00005000004	GCA	A	GCT	A
MN908947.3	22683	T	A	19	10	36	1	0	37	0.05	20	0.512821	FALSE	CDS:ENSSASP00005000004	TTT	F	TAT	Y
MN908947.3	22733	T	C	18	10	36	1	0	37	0.0526316	19	0.513514	FALSE	CDS:ENSSASP00005000004	TGC	C	CGC	R
MN908947.3	22792	C	G	26	13	37	1	0	37	0.037037	27	0.509434	FALSE	CDS:ENSSASP00005000004	ATC	I	ATG	M
MN908947.3	22815	T	G	32	13	36	1	0	37	0.030303	33	0.507692	FALSE	CDS:ENSSASP00005000004	ATT	I	AGT	S
MN908947.3	22847	T	A	37	16	36	2	0	37	0.0512821	39	0.253247	FALSE	CDS:ENSSASP00005000004	TTT	F	ATT	I
MN908947.3	22852	A	T	41	19	36	2	0	37	0.0465116	43	0.252941	FALSE	CDS:ENSSASP00005000004	ACA	T	ACT	T
MN908947.3	22879	C	T	51	19	36	2	1	37	0.0377358	53	0.252381	FALSE	CDS:ENSSASP00005000004	AAC	N	AAT	N
MN908947.3	22934	A	G	84	33	36	4	1	37	0.0454545	88	0.0617671	FALSE	CDS:ENSSASP00005000004	AAG	K	GAG	E
MN908947.3	23081	C	T	204	102	36	8	5	37	0.0377358	212	0.0037225	TRUE	CDS:ENSSASP00005000004	CCA	P	TCA	S
MN908947.3	23403	A	G	4	1	35	252	123	36	0.984375	256	7.75283e-145	TRUE	CDS:ENSSASP00005000004	GAT	D	GGT	G
MN908947.3	24386	G	A	81	39	36	6	4	37	0.0689655	87	0.0148045	FALSE	CDS:ENSSASP00005000004	GCA	A	ACA	T
MN908947.3	24800	G	-N	178	90	36	6	0	20	0.0337079	178	0.0672017	FALSE	NA	NA	NA	NA	NA
MN908947.3	24934	T	A	126	64	35	7	5	37	0.0518519	135	0.00701622	TRUE	CDS:ENSSASP00005000004	GGT	G	GGA	G
MN908947.3	24952	A	C	132	61	36	8	6	37	0.0571429	140	0.00362843	TRUE	CDS:ENSSASP00005000004	ATA	I	ATC	I
MN908947.3	24997	A	G	140	68	36	6	2	37	0.0410959	146	0.015139	FALSE	CDS:ENSSASP00005000004	TTA	L	TTG	L
MN908947.3	25713	T	C	93	57	36	4	4	37	0.0412371	97	0.0618371	FALSE	CDS:ENSSASP00005000006	TAT	Y	TAC	Y
MN908947.3	25816	G	A	70	28	36	5	3	35	0.0666667	75	0.0301801	FALSE	CDS:ENSSASP00005000006	GAT	D	AAT	N
MN908947.3	26077	A	G	93	48	36	5	3	37	0.0510204	98	0.0304363	FALSE	CDS:ENSSASP00005000006	ACC	T	GCC	A
MN908947.3	26188	G	A	88	43	36	3	2	37	0.032967	91	0.124988	FALSE	CDS:ENSSASP00005000006	GAA	E	AAA	K
MN908947.3	26374	T	+A	31	19	36	1	0	20	0.0322581	31	0.516129	FALSE	NA	NA	NA	NA	NA
MN908947.3	26378	A	G	16	12	37	1	1	37	0.0588235	17	0.515152	FALSE	CDS:ENSSASP00005000010	AAT	N	AGT	S
MN908947.3	26382	T	C	11	9	36	1	1	32	0.0833333	12	0.521739	FALSE	CDS:ENSSASP00005000010	ATT	I	ATC	I
MN908947.3	26422	T	C	11	8	36	1	1	37	0.0833333	12	0.521739	FALSE	CDS:ENSSASP00005000010	TCT	S	CCT	P
MN908947.3	26455	C	T	7	6	37	1	1	37	0.125	8	0.533333	FALSE	CDS:ENSSASP00005000010	CCT	P	TCT	S
MN908947.3	26486	T	G	11	7	36	1	0	32	0.0833333	12	0.521739	FALSE	NA	NA	NA	NA	NA
MN908947.3	26492	A	T	12	7	37	1	0	37	0.0769231	13	0.52	FALSE	NA	NA	NA	NA	NA
MN908947.3	26542	C	A	34	17	36	2	2	37	0.0555556	36	0.253521	FALSE	CDS:ENSSASP00005000007	ACT	T	AAT	N
MN908947.3	26545	T	G	33	17	36	2	2	34	0.0571429	35	0.253623	FALSE	CDS:ENSSASP00005000007	ATT	I	AGT	S
MN908947.3	26550	G	T	32	17	36	1	0	37	0.030303	33	0.507692	FALSE	CDS:ENSSASP00005000007	GTT	V	TTT	F
MN908947.3	26618	T	A	56	29	37	2	0	37	0.0344828	58	0.252174	FALSE	CDS:ENSSASP00005000007	ATT	I	ATA	I
MN908947.3	26627	A	G	58	28	36	4	0	37	0.0645161	62	0.0614459	FALSE	CDS:ENSSASP00005000007	CTA	L	CTG	L
MN908947.3	26649	A	G	60	28	36	4	2	35	0.0625	64	0.0614803	FALSE	CDS:ENSSASP00005000007	AAT	N	GAT	D
MN908947.3	26654	G	T	71	34	36	3	1	37	0.0405405	74	0.124982	FALSE	CDS:ENSSASP00005000007	AGG	R	AGT	S
MN908947.3	26723	T	C	123	60	36	5	2	36	0.0390625	128	0.03063	FALSE	CDS:ENSSASP00005000007	CTT	L	CTC	L
MN908947.3	27138	T	C	142	63	36	5	4	36	0.0340136	147	0.0307112	FALSE	CDS:ENSSASP00005000007	TTA	L	CTA	L
MN908947.3	27385	T	A	76	35	36	5	3	36	0.0617284	81	0.0302613	FALSE	CDS:ENSSASP00005000011	TAA	*	AAA	K
MN908947.3	27390	G	A	83	40	36	3	0	37	0.0348837	86	0.124987	FALSE	NA	NA	NA	NA	NA
MN908947.3	27394	A	C	89	41	36	3	1	37	0.0326087	92	0.120957	FALSE	CDS:ENSSASP00005000009	ATG	M	CTG	L
MN908947.3	27522	T	C	178	84	36	7	2	37	0.0378378	185	0.00751612	TRUE	CDS:ENSSASP00005000009	AAT	N	AAC	N
MN908947.3	28684	A	T	237	123	36	11	5	37	0.0443548	248	0.000445869	TRUE	CDS:ENSSASP00005000005	GGA	G	GGT	G
MN908947.3	28897	T	-NNN	260	131	36	75	0	20	0.288462	260	2.74514e-18	TRUE	NA	NA	NA	NA	NA
MN908947.3	29870	C	A	32	13	36	1	1	37	0.030303	33	0.507692	FALSE	NA	NA	NA	NA	NA
MN908947.3	29874	A	C	23	9	36	1	1	37	0.0416667	24	0.510638	FALSE	NA	NA	NA	NA	NA
